{"url": "https://neurovault.org/images/10426/", "id": 10426, "file": "https://neurovault.org/media/images/658/task001_left_vs_right_motor.nii.gz", "collection": "https://neurovault.org/collections/658/", "collection_id": 658, "file_size": 186649, "cognitive_paradigm_cogatlas": null, "cognitive_paradigm_cogatlas_id": null, "cognitive_contrast_cogatlas": null, "cognitive_contrast_cogatlas_id": null, "map_type": "other", "analysis_level": null, "name": "task001 left vs right motor", "description": null, "add_date": "2016-01-21T17:22:58.807468Z", "modify_date": "2016-01-27T21:59:40.180124Z", "is_valid": false, "surface_left_file": null, "surface_right_file": null, "data_origin": "volume", "target_template_image": "GenericMNI", "subject_species": "homo sapiens", "figure": null, "handedness": null, "age": null, "gender": null, "race": null, "ethnicity": null, "BMI": null, "fat_percentage": null, "waist_hip_ratio": null, "mean_PDS_score": null, "tanner_stage": null, "days_since_menstruation": null, "hours_since_last_meal": null, "bis_bas_score": null, "spsrq_score": null, "bis11_score": null, "thumbnail": "https://neurovault.org/media/images/658/glass_brain_10426.jpg", "reduced_representation": "https://neurovault.org/media/images/658/transform_4mm_10426.npy", "is_thresholded": false, "perc_bad_voxels": 70.4103024857742, "not_mni": false, "brain_coverage": 68.1115393334845, "perc_voxels_outside": 0.840521035029044, "number_of_subjects": null, "modality": null, "statistic_parameters": null, "smoothness_fwhm": null, "contrast_definition": null, "contrast_definition_cogatlas": null, "cognitive_paradigm_description_url": null, "image_type": "statistic_map", "relative_path": "collection_658/image_10426.nii.gz"}